no,zh_tw,en,aliases
0000,寶可夢,Pokémon,宝可梦|神奇寶貝|小精靈
0001,妙蛙種子,Bulbasaur,妙蛙种子|奇異種子
0002,妙蛙草,Ivysaur,奇異草
0003,妙蛙花,Venusaur,奇異花
0004,小火龍,Charmander,小火龙
0005,火恐龍,Charmeleon,火恐龙
0006,噴火龍,Charizard,喷火龙
0007,傑尼龜,Squirtle,杰尼龟|車厘龜
0008,卡咪龜,Wartortle,卡咪龟|卡美龜
0009,水箭龜,Blastoise,水箭龟
0010,綠毛蟲,Caterpie,绿毛虫
0011,鐵甲蛹,Metapod,铁甲蛹|鐵甲蟲
0012,巴大蝶,Butterfree,巴大蝴|巴他蝶
0013,獨角蟲,Weedle,独角虫
0014,鐵殼蛹,Kakuna,铁壳蛹|鐵殼昆|铁壳昆
0015,大針蜂,Beedrill,大针蜂
0016,波波,Pidgey,
0017,比比鳥,Pidgeotto,比比鸟
0018,大比鳥,Pidgeot,大比鸟|比鵰|比雕
0019,小拉達,Rattata,小拉达|小哥達
0020,拉達,Raticate,拉达|哥達
0021,烈雀,Spearow,鬼雀
0022,大嘴雀,Fearow,魔雀
0023,阿柏蛇,Ekans,
0024,阿柏怪,Arbok,
0025,皮卡丘,Pikachu,比卡超
0026,雷丘,Raichu,雷超
0027,穿山鼠,Sandshrew,
0028,穿山王,Sandslash,
0029,尼多蘭,Nidoran♀,尼多兰|尼美蘭
0030,尼多娜,Nidorina,尼美蘿
0031,尼多后,Nidoqueen,尼美后
0032,尼多朗,Nidoran♂,尼多郎
0033,尼多力諾,Nidorino,尼多力诺|尼多利
0034,尼多王,Nidoking,
0035,皮皮,Clefairy,
0036,皮可西,Clefable,皮可斯
0037,六尾,Vulpix,
0038,九尾,Ninetales,
0039,胖丁,Jigglypuff,波波球
0040,胖可丁,Wigglytuff,肥波球
0041,超音蝠,Zubat,波音蝠
0042,大嘴蝠,Golbat,大口蝠
0043,走路草,Oddish,行路草
0044,臭臭花,Gloom,怪味花
0045,霸王花,Vileplume,
0046,派拉斯,Paras,蘑菇蟲
0047,派拉斯特,Parasect,巨菇蟲
0048,毛球,Venonat,毛毛蟲
0049,摩魯蛾,Venomoth,摩鲁蛾|末入蛾|魔魯風
0050,地鼠,Diglett,
0051,三地鼠,Dugtrio,三頭地鼠
0052,喵喵,Meowth,喵喵怪
0053,貓老大,Persian,猫老大|高竇貓
0054,可達鴨,Psyduck,可达鸭|傻鴨
0055,哥達鴨,Golduck,哥达鸭|高超鴨
0056,猴怪,Mankey,
0057,火爆猴,Primeape,火暴猴
0058,卡蒂狗,Growlithe,護主犬
0059,風速狗,Arcanine,风速狗|奉神犬
0060,蚊香蝌蚪,Poliwag,
0061,蚊香君,Poliwhirl,蚊香蛙
0062,蚊香泳士,Poliwrath,快泳蛙|大力蛙
0063,凱西,Abra,凯西|卡斯
0064,勇基拉,Kadabra,勇吉拉|尤基納
0065,胡地,Alakazam,富迪
0066,腕力,Machop,鐵腕
0067,豪力,Machoke,大力
0068,怪力,Machamp,
0069,喇叭芽,Bellsprout,
0070,口呆花,Weepinbell,
0071,大食花,Victreebel,
0072,瑪瑙水母,Tentacool,玛瑙水母|大眼水母
0073,毒刺水母,Tentacruel,多腳水母
0074,小拳石,Geodude,
0075,隆隆石,Graveler,滾動石
0076,隆隆岩,Golem,滾動岩
0077,小火馬,Ponyta,小火马
0078,烈焰馬,Rapidash,烈焰马
0079,呆呆獸,Slowpoke,呆呆兽|小呆獸
0080,呆殼獸,Slowbro,呆壳兽|呆河馬|大呆獸|呆河马
0081,小磁怪,Magnemite,
0082,三合一磁怪,Magneton,
0083,大蔥鴨,Farfetch'd,大葱鸭|火蔥鴨
0084,嘟嘟,Doduo,多多
0085,嘟嘟利,Dodrio,多多利
0086,小海獅,Seel,小海狮
0087,白海獅,Dewgong,白海狮
0088,臭泥,Grimer,爛泥怪
0089,臭臭泥,Muk,爛泥獸
0090,大舌貝,Shellder,大舌贝|貝殼怪
0091,刺甲貝,Cloyster,刺甲贝|鐵甲貝|铁甲贝
0092,鬼斯,Gastly,
0093,鬼斯通,Haunter,
0094,耿鬼,Gengar,
0095,大岩蛇,Onix,
0096,催眠貘,Drowzee,素利普|食夢獸
0097,引夢貘人,Hypno,引梦貘人|素利拍|催眠獸
0098,大鉗蟹,Krabby,大钳蟹
0099,巨鉗蟹,Kingler,巨钳蟹
0100,霹靂電球,Voltorb,霹雳电球|雷電球|霹靂蛋|雷电球
0101,頑皮雷彈,Electrode,顽皮雷弹|頑皮彈|雷霆蛋|顽皮弹
0102,蛋蛋,Exeggcute,
0103,椰蛋樹,Exeggutor,椰蛋树|椰樹獸
0104,卡拉卡拉,Cubone,可拉可拉
0105,嘎啦嘎啦,Marowak,嘎拉嘎拉|格拉格拉
0106,飛腿郎,Hitmonlee,飞腿郎|沙瓦郎|沙古拉
0107,快拳郎,Hitmonchan,艾比郎|比華拉
0108,大舌頭,Lickitung,大舌头
0109,瓦斯彈,Koffing,瓦斯弹|毒氣丸
0110,雙彈瓦斯,Weezing,双弹瓦斯|毒氣雙子
0111,獨角犀牛,Rhyhorn,独角犀牛|鐵甲犀牛|铁甲犀牛
0112,鑽角犀獸,Rhydon,钻角犀兽|鐵甲暴龍|铁甲暴龙
0113,吉利蛋,Chansey,
0114,蔓藤怪,Tangela,長藤怪
0115,袋獸,Kangaskhan,袋兽|袋龍|袋龙
0116,墨海馬,Horsea,墨海马|噴墨海馬
0117,海刺龍,Seadra,海刺龙|飛刺海馬
0118,角金魚,Goldeen,角金鱼|獨角金魚
0119,金魚王,Seaking,金鱼王
0120,海星星,Staryu,
0121,寶石海星,Starmie,宝石海星
0122,魔牆人偶,Mr. Mime,魔墙人偶|吸盤魔偶|吸盤小丑|吸盘魔偶
0123,飛天螳螂,Scyther,飞天螳螂
0124,迷唇姐,Jynx,紅唇娃
0125,電擊獸,Electabuzz,电击兽
0126,鴨嘴火獸,Magmar,鸭嘴火兽|鴨嘴火龍|鸭嘴火龙
0127,凱羅斯,Pinsir,凯罗斯|大甲|鉗刀甲蟲
0128,肯泰羅,Tauros,肯泰罗|大隻牛
0129,鯉魚王,Magikarp,鲤鱼王
0130,暴鯉龍,Gyarados,暴鲤龙|鯉魚龍
0131,拉普拉斯,Lapras,乘龍|背背龍|乘龙
0132,百變怪,Ditto,百变怪
0133,伊布,Eevee,伊貝
0134,水伊布,Vaporeon,水精靈|水伊貝|水精灵
0135,雷伊布,Jolteon,雷精靈|雷伊貝|雷精灵
0136,火伊布,Flareon,火精靈|火伊貝|火精灵
0137,多邊獸,Porygon,多边兽|3D龍|立方獸|3D龙
0138,菊石獸,Omanyte,菊石兽
0139,多刺菊石獸,Omastar,多刺菊石兽
0140,化石盔,Kabuto,萬年蟲
0141,鐮刀盔,Kabutops,镰刀盔|鐮刀蟲
0142,化石翼龍,Aerodactyl,化石翼龙|化石飛龍
0143,卡比獸,Snorlax,卡比兽
0144,急凍鳥,Articuno,急冻鸟
0145,閃電鳥,Zapdos,闪电鸟|雷鳥
0146,火焰鳥,Moltres,火焰鸟|火鳥
0147,迷你龍,Dratini,迷你龙
0148,哈克龍,Dragonair,哈克龙|哈古龍
0149,快龍,Dragonite,快龙|啟暴龍
0150,超夢,Mewtwo,超梦|超夢夢
0151,夢幻,Mew,梦幻|夢夢
0152,菊草葉,Chikorita,菊草叶
0153,月桂葉,Bayleef,月桂叶
0154,大竺葵,Meganium,大菊花
0155,火球鼠,Cyndaquil,
0156,火岩鼠,Quilava,
0157,火爆獸,Typhlosion,火暴兽|火暴獸
0158,小鋸鱷,Totodile,小锯鳄
0159,藍鱷,Croconaw,蓝鳄
0160,大力鱷,Feraligatr,大力鳄
0161,尾立,Sentret,
0162,大尾立,Furret,
0163,咕咕,Hoothoot,
0164,貓頭夜鷹,Noctowl,猫头夜鹰
0165,芭瓢蟲,Ledyba,芭瓢虫
0166,安瓢蟲,Ledian,安瓢虫
0167,圓絲蛛,Spinarak,圆丝蛛|線球|线球
0168,阿利多斯,Ariados,
0169,叉字蝠,Crobat,
0170,燈籠魚,Chinchou,灯笼鱼
0171,電燈怪,Lanturn,电灯怪
0172,皮丘,Pichu,比超
0173,皮寶寶,Cleffa,皮宝宝
0174,寶寶丁,Igglybuff,宝宝丁|小波球
0175,波克比,Togepi,小刺蛋
0176,波克基古,Togetic,
0177,天然雀,Natu,
0178,天然鳥,Xatu,天然鸟
0179,咩利羊,Mareep,
0180,茸茸羊,Flaaffy,綿綿
0181,電龍,Ampharos,电龙
0182,美麗花,Bellossom,美丽花
0183,瑪力露,Marill,玛力露|馬利露
0184,瑪力露麗,Azumarill,玛力露丽|馬利露麗
0185,樹才怪,Sudowoodo,树才怪|胡說樹|胡说树
0186,蚊香蛙皇,Politoed,牛蛙君
0187,毽子草,Hoppip,
0188,毽子花,Skiploom,
0189,毽子棉,Jumpluff,毽子綿
0190,長尾怪手,Aipom,长尾怪手
0191,向日種子,Sunkern,向日种子
0192,向日花怪,Sunflora,
0193,蜻蜻蜓,Yanma,陽陽瑪|阳阳玛
0194,烏波,Wooper,乌波
0195,沼王,Quagsire,
0196,太陽伊布,Espeon,太阳伊布|太陽精靈|太陽伊貝|太阳精灵
0197,月亮伊布,Umbreon,月精靈|月伊貝|月精灵
0198,黑暗鴉,Murkrow,黑暗鸦
0199,呆呆王,Slowking,河馬王|河马王
0200,夢妖,Misdreavus,梦妖
0201,未知圖騰,Unown,未知图腾
0202,果然翁,Wobbuffet,
0203,麒麟奇,Girafarig,
0204,榛果球,Pineco,
0205,佛烈托斯,Forretress,
0206,土龍弟弟,Dunsparce,土龙弟弟
0207,天蠍,Gligar,天蝎
0208,大鋼蛇,Steelix,大钢蛇
0209,布魯,Snubbull,布鲁|布盧|布卢
0210,布魯皇,Granbull,布鲁皇|布盧皇|布卢皇
0211,千針魚,Qwilfish,千针鱼
0212,巨鉗螳螂,Scizor,巨钳螳螂
0213,壺壺,Shuckle,壶壶
0214,赫拉克羅斯,Heracross,赫拉克罗斯
0215,狃拉,Sneasel,
0216,熊寶寶,Teddiursa,熊宝宝
0217,圈圈熊,Ursaring,
0218,熔岩蟲,Slugma,熔岩虫
0219,熔岩蝸牛,Magcargo,熔岩蜗牛
0220,小山豬,Swinub,小山猪
0221,長毛豬,Piloswine,长毛猪
0222,太陽珊瑚,Corsola,太阳珊瑚
0223,鐵炮魚,Remoraid,铁炮鱼
0224,章魚桶,Octillery,章鱼桶
0225,信使鳥,Delibird,信使鸟
0226,巨翅飛魚,Mantine,巨翅飞鱼
0227,盔甲鳥,Skarmory,盔甲鸟
0228,戴魯比,Houndour,戴鲁比
0229,黑魯加,Houndoom,黑鲁加
0230,刺龍王,Kingdra,刺龙王|魚龍王
0231,小小象,Phanpy,
0232,頓甲,Donphan,顿甲|冬凡
0233,多邊獸Ⅱ,Porygon2,多边兽Ⅱ|多边兽2型|3D龍II|立方獸II|3D龙II
0234,驚角鹿,Stantler,惊角鹿
0235,圖圖犬,Smeargle,图图犬
0236,無畏小子,Tyrogue,无畏小子|巴爾郎|巴尔郎
0237,戰舞郎,Hitmontop,战舞郎|柯波朗
0238,迷唇娃,Smoochum,
0239,電擊怪,Elekid,电击怪
0240,鴨嘴寶寶,Magby,鸭嘴宝宝|小鴨嘴龍|小鸭嘴龙
0241,大奶罐,Miltank,
0242,幸福蛋,Blissey,
0243,雷公,Raikou,
0244,炎帝,Entei,
0245,水君,Suicune,
0246,幼基拉斯,Larvitar,由基拉
0247,沙基拉斯,Pupitar,沙基拉
0248,班基拉斯,Tyranitar,班吉拉
0249,洛奇亞,Lugia,洛奇亚|利基亞
0250,鳳王,Ho-Oh,凤王|鳳凰
0251,時拉比,Celebi,时拉比|雪拉比
0252,木守宮,Treecko,木守宫
0253,森林蜥蜴,Grovyle,
0254,蜥蜴王,Sceptile,
0255,火稚雞,Torchic,火稚鸡
0256,力壯雞,Combusken,力壮鸡
0257,火焰雞,Blaziken,火焰鸡
0258,水躍魚,Mudkip,水跃鱼
0259,沼躍魚,Marshtomp,沼跃鱼
0260,巨沼怪,Swampert,
0261,土狼犬,Poochyena,
0262,大狼犬,Mightyena,
0263,蛇紋熊,Zigzagoon,蛇纹熊
0264,直衝熊,Linoone,直冲熊
0265,刺尾蟲,Wurmple,刺尾虫
0266,甲殼繭,Silcoon,甲壳茧|甲殼蛹|甲壳蛹
0267,狩獵鳳蝶,Beautifly,狩猎凤蝶
0268,盾甲繭,Cascoon,盾甲茧
0269,毒粉蛾,Dustox,毒粉蝶
0270,蓮葉童子,Lotad,莲叶童子
0271,蓮帽小童,Lombre,莲帽小童
0272,樂天河童,Ludicolo,乐天河童
0273,橡實果,Seedot,橡实果
0274,長鼻葉,Nuzleaf,长鼻叶
0275,狡猾天狗,Shiftry,
0276,傲骨燕,Taillow,
0277,大王燕,Swellow,
0278,長翅鷗,Wingull,长翅鸥
0279,大嘴鷗,Pelipper,大嘴鸥
0280,拉魯拉絲,Ralts,拉鲁拉丝
0281,奇魯莉安,Kirlia,奇鲁莉安
0282,沙奈朵,Gardevoir,
0283,溜溜糖球,Surskit,
0284,雨翅蛾,Masquerain,
0285,蘑蘑菇,Shroomish,
0286,斗笠菇,Breloom,
0287,懶人獺,Slakoth,懒人獭|懶人翁|懒人翁
0288,過動猿,Vigoroth,过动猿
0289,請假王,Slaking,请假王
0290,土居忍士,Nincada,
0291,鐵面忍者,Ninjask,铁面忍者
0292,脫殼忍者,Shedinja,脱壳忍者
0293,咕妞妞,Whismur,
0294,吼爆彈,Loudred,吼爆弹
0295,爆音怪,Exploud,
0296,幕下力士,Makuhita,
0297,鐵掌力士,Hariyama,铁掌力士|超力王
0298,露力麗,Azurill,露力丽
0299,朝北鼻,Nosepass,
0300,向尾喵,Skitty,
0301,優雅貓,Delcatty,优雅猫
0302,勾魂眼,Sableye,
0303,大嘴娃,Mawile,
0304,可可多拉,Aron,
0305,可多拉,Lairon,
0306,波士可多拉,Aggron,
0307,瑪沙那,Meditite,玛沙那
0308,恰雷姆,Medicham,
0309,落雷獸,Electrike,落雷兽
0310,雷電獸,Manectric,雷电兽
0311,正電拍拍,Plusle,正电拍拍
0312,負電拍拍,Minun,负电拍拍
0313,電螢蟲,Volbeat,电萤虫
0314,甜甜螢,Illumise,甜甜萤
0315,毒薔薇,Roselia,毒蔷薇
0316,溶食獸,Gulpin,溶食兽
0317,吞食獸,Swalot,吞食兽
0318,利牙魚,Carvanha,利牙鱼
0319,巨牙鯊,Sharpedo,巨牙鲨
0320,吼吼鯨,Wailmer,吼吼鲸
0321,吼鯨王,Wailord,吼鲸王
0322,呆火駝,Numel,呆火驼
0323,噴火駝,Camerupt,喷火驼
0324,煤炭龜,Torkoal,煤炭龟
0325,跳跳豬,Spoink,跳跳猪
0326,噗噗豬,Grumpig,噗噗猪
0327,晃晃斑,Spinda,
0328,大顎蟻,Trapinch,大颚蚁
0329,超音波幼蟲,Vibrava,超音波幼虫
0330,沙漠蜻蜓,Flygon,
0331,刺球仙人掌,Cacnea,沙漠奈亞|沙漠奈亚
0332,夢歌仙人掌,Cacturne,梦歌仙人掌|夢歌奈亞|梦歌奈亚
0333,青綿鳥,Swablu,青绵鸟
0334,七夕青鳥,Altaria,七夕青鸟
0335,貓鼬斬,Zangoose,猫鼬斩
0336,飯匙蛇,Seviper,饭匙蛇
0337,月石,Lunatone,
0338,太陽岩,Solrock,太阳岩
0339,泥泥鰍,Barboach,泥泥鳅
0340,鯰魚王,Whiscash,鲶鱼王
0341,龍蝦小兵,Corphish,龙虾小兵
0342,鐵螯龍蝦,Crawdaunt,铁螯龙虾
0343,天秤偶,Baltoy,
0344,念力土偶,Claydol,
0345,觸手百合,Lileep,触手百合
0346,搖籃百合,Cradily,摇篮百合
0347,太古羽蟲,Anorith,太古羽虫
0348,太古盔甲,Armaldo,
0349,醜醜魚,Feebas,丑丑鱼|笨笨魚|笨笨鱼
0350,美納斯,Milotic,美纳斯
0351,飄浮泡泡,Castform,飘浮泡泡|漂浮泡泡
0352,變隱龍,Kecleon,变隐龙
0353,怨影娃娃,Shuppet,
0354,詛咒娃娃,Banette,诅咒娃娃
0355,夜巡靈,Duskull,夜巡灵|夜骷顱|夜骷颅
0356,彷徨夜靈,Dusclops,彷徨夜灵|夜巨人
0357,熱帶龍,Tropius,热带龙
0358,風鈴鈴,Chimecho,风铃铃
0359,阿勃梭魯,Absol,阿勃梭鲁
0360,小果然,Wynaut,果然仔
0361,雪童子,Snorunt,
0362,冰鬼護,Glalie,冰鬼护
0363,海豹球,Spheal,
0364,海魔獅,Sealeo,海魔狮
0365,帝牙海獅,Walrein,帝牙海狮
0366,珍珠貝,Clamperl,珍珠贝
0367,獵斑魚,Huntail,猎斑鱼
0368,櫻花魚,Gorebyss,樱花鱼
0369,古空棘魚,Relicanth,古空棘鱼
0370,愛心魚,Luvdisc,爱心鱼
0371,寶貝龍,Bagon,宝贝龙
0372,甲殼龍,Shelgon,甲壳龙
0373,暴飛龍,Salamence,暴飞龙|暴蠑螈
0374,鐵啞鈴,Beldum,铁哑铃
0375,金屬怪,Metang,金属怪
0376,巨金怪,Metagross,
0377,雷吉洛克,Regirock,
0378,雷吉艾斯,Regice,
0379,雷吉斯奇魯,Registeel,雷吉斯奇鲁
0380,拉帝亞斯,Latias,拉帝亚斯
0381,拉帝歐斯,Latios,拉帝欧斯
0382,蓋歐卡,Kyogre,盖欧卡
0383,固拉多,Groudon,
0384,烈空坐,Rayquaza,
0385,基拉祈,Jirachi,
0386,代歐奇希斯,Deoxys,代欧奇希斯
0387,草苗龜,Turtwig,草苗龟
0388,樹林龜,Grotle,树林龟
0389,土台龜,Torterra,土台龟
0390,小火焰猴,Chimchar,
0391,猛火猴,Monferno,
0392,烈焰猴,Infernape,
0393,波加曼,Piplup,
0394,波皇子,Prinplup,
0395,帝王拿波,Empoleon,
0396,姆克兒,Starly,姆克儿
0397,姆克鳥,Staravia,姆克鸟
0398,姆克鷹,Staraptor,姆克鹰
0399,大牙狸,Bidoof,
0400,大尾狸,Bibarel,
0401,圓法師,Kricketot,圆法师
0402,音箱蟀,Kricketune,
0403,小貓怪,Shinx,小猫怪
0404,勒克貓,Luxio,勒克猫
0405,倫琴貓,Luxray,伦琴猫
0406,含羞苞,Budew,
0407,羅絲雷朵,Roserade,罗丝雷朵
0408,頭蓋龍,Cranidos,头盖龙
0409,戰槌龍,Rampardos,战槌龙
0410,盾甲龍,Shieldon,盾甲龙
0411,護城龍,Bastiodon,护城龙
0412,結草兒,Burmy,结草儿
0413,結草貴婦,Wormadam,结草贵妇
0414,紳士蛾,Mothim,绅士蛾
0415,三蜜蜂,Combee,
0416,蜂女王,Vespiquen,蜂后
0417,帕奇利茲,Pachirisu,帕奇利兹
0418,泳圈鼬,Buizel,泳氣鼬|泳气鼬
0419,浮潛鼬,Floatzel,浮潜鼬
0420,櫻花寶,Cherubi,樱花宝
0421,櫻花兒,Cherrim,樱花儿
0422,無殼海兔,Shellos,无壳海兔|無殼海牛|无壳海牛
0423,海兔獸,Gastrodon,海兔兽|海牛獸|海牛兽
0424,雙尾怪手,Ambipom,双尾怪手
0425,飄飄球,Drifloon,飘飘球
0426,隨風球,Drifblim,随风球|附和氣球|附和气球
0427,捲捲耳,Buneary,卷卷耳
0428,長耳兔,Lopunny,长耳兔
0429,夢妖魔,Mismagius,梦妖魔
0430,烏鴉頭頭,Honchkrow,乌鸦头头
0431,魅力喵,Glameow,
0432,東施喵,Purugly,东施喵
0433,鈴鐺響,Chingling,铃铛响|鈴噹響
0434,臭鼬噗,Stunky,
0435,坦克臭鼬,Skuntank,
0436,銅鏡怪,Bronzor,铜镜怪
0437,青銅鐘,Bronzong,青铜钟
0438,盆才怪,Bonsly,愛哭樹|爱哭树
0439,魔尼尼,Mime Jr.,
0440,小福蛋,Happiny,好運蛋|好运蛋
0441,聒噪鳥,Chatot,聒噪鸟
0442,花岩怪,Spiritomb,
0443,圓陸鯊,Gible,圆陆鲨
0444,尖牙陸鯊,Gabite,尖牙陆鲨
0445,烈咬陸鯊,Garchomp,烈咬陆鲨
0446,小卡比獸,Munchlax,小卡比兽
0447,利歐路,Riolu,利欧路|利奧路
0448,路卡利歐,Lucario,路卡利欧|路卡利奧
0449,沙河馬,Hippopotas,沙河马|怪河馬|怪河马
0450,河馬獸,Hippowdon,河马兽
0451,鉗尾蠍,Skorupi,钳尾蝎|紫天蠍|紫天蝎
0452,龍王蠍,Drapion,龙王蝎
0453,不良蛙,Croagunk,
0454,毒骷蛙,Toxicroak,
0455,尖牙籠,Carnivine,尖牙笼
0456,螢光魚,Finneon,荧光鱼
0457,霓虹魚,Lumineon,霓虹鱼
0458,小球飛魚,Mantyke,小球飞鱼
0459,雪笠怪,Snover,
0460,暴雪王,Abomasnow,
0461,瑪狃拉,Weavile,玛狃拉
0462,自爆磁怪,Magnezone,
0463,大舌舔,Lickilicky,
0464,超甲狂犀,Rhyperior,超鐵暴龍|超铁暴龙
0465,巨蔓藤,Tangrowth,
0466,電擊魔獸,Electivire,电击魔兽
0467,鴨嘴炎獸,Magmortar,鸭嘴炎兽|鴨嘴焰龍|鸭嘴焰龙
0468,波克基斯,Togekiss,
0469,遠古巨蜓,Yanmega,远古巨蜓|梅卡陽瑪|梅卡阳玛
0470,葉伊布,Leafeon,叶伊布|葉精靈|葉伊貝|叶精灵
0471,冰伊布,Glaceon,冰精靈|冰伊貝|冰精灵
0472,天蠍王,Gliscor,天蝎王
0473,象牙豬,Mamoswine,象牙猪
0474,多邊獸Ｚ,Porygon-Z,多边兽Ｚ|多边兽乙型|3D龍Z|立方獸Z|3D龙Z
0475,艾路雷朵,Gallade,
0476,大朝北鼻,Probopass,
0477,黑夜魔靈,Dusknoir,黑夜魔灵|夜黑魔人
0478,雪妖女,Froslass,
0479,洛托姆,Rotom,
0480,由克希,Uxie,
0481,艾姆利多,Mesprit,
0482,亞克諾姆,Azelf,亚克诺姆
0483,帝牙盧卡,Dialga,帝牙卢卡
0484,帕路奇亞,Palkia,帕路奇亚|帕路奇犽
0485,席多藍恩,Heatran,席多蓝恩
0486,雷吉奇卡斯,Regigigas,
0487,騎拉帝納,Giratina,骑拉帝纳
0488,克雷色利亞,Cresselia,克雷色利亚
0489,霏歐納,Phione,霏欧纳
0490,瑪納霏,Manaphy,玛纳霏
0491,達克萊伊,Darkrai,达克莱伊
0492,謝米,Shaymin,谢米|潔咪|洁咪
0493,阿爾宙斯,Arceus,阿尔宙斯
0494,比克提尼,Victini,
0495,藤藤蛇,Snivy,
0496,青藤蛇,Servine,
0497,君主蛇,Serperior,
0498,暖暖豬,Tepig,暖暖猪
0499,炒炒豬,Pignite,炒炒猪
0500,炎武王,Emboar,
0501,水水獺,Oshawott,水水獭
0502,雙刃丸,Dewott,双刃丸
0503,大劍鬼,Samurott,大剑鬼
0504,探探鼠,Patrat,
0505,步哨鼠,Watchog,
0506,小約克,Lillipup,小约克
0507,哈約克,Herdier,哈约克
0508,長毛狗,Stoutland,长毛狗
0509,扒手貓,Purrloin,扒手猫
0510,酷豹,Liepard,
0511,花椰猴,Pansage,
0512,花椰猿,Simisage,
0513,爆香猴,Pansear,
0514,爆香猿,Simisear,
0515,冷水猴,Panpour,
0516,冷水猿,Simipour,
0517,食夢夢,Munna,食梦梦
0518,夢夢蝕,Musharna,梦梦蚀
0519,豆豆鴿,Pidove,豆豆鸽
0520,咕咕鴿,Tranquill,咕咕鸽|波波鴿
0521,高傲雉雞,Unfezant,高傲雉鸡|轟隆雉雞
0522,斑斑馬,Blitzle,斑斑马
0523,雷電斑馬,Zebstrika,雷电斑马
0524,石丸子,Roggenrola,
0525,地幔岩,Boldore,
0526,龐岩怪,Gigalith,庞岩怪
0527,滾滾蝙蝠,Woobat,滚滚蝙蝠
0528,心蝙蝠,Swoobat,
0529,螺釘地鼠,Drilbur,螺钉地鼠
0530,龍頭地鼠,Excadrill,龙头地鼠
0531,差不多娃娃,Audino,
0532,搬運小匠,Timburr,搬运小匠
0533,鐵骨土人,Gurdurr,铁骨土人
0534,修建老匠,Conkeldurr,修繕老頭
0535,圓蝌蚪,Tympole,圆蝌蚪
0536,藍蟾蜍,Palpitoad,蓝蟾蜍
0537,蟾蜍王,Seismitoad,
0538,投摔鬼,Throh,投射鬼
0539,打擊鬼,Sawk,打击鬼
0540,蟲寶包,Sewaddle,虫宝包
0541,寶包繭,Swadloon,宝包茧
0542,保母蟲,Leavanny,保姆虫
0543,百足蜈蚣,Venipede,
0544,車輪毬,Whirlipede,车轮球
0545,蜈蚣王,Scolipede,
0546,木棉球,Cottonee,
0547,風妖精,Whimsicott,风妖精
0548,百合根娃娃,Petilil,
0549,裙兒小姐,Lilligant,裙儿小姐
0550,野蠻鱸魚,Basculin,野蛮鲈鱼|勇士鱸魚
0551,黑眼鱷,Sandile,黑眼鳄
0552,混混鱷,Krokorok,混混鳄
0553,流氓鱷,Krookodile,流氓鳄
0554,火紅不倒翁,Darumaka,火红不倒翁
0555,達摩狒狒,Darmanitan,达摩狒狒
0556,沙鈴仙人掌,Maractus,沙铃仙人掌|街頭沙鈴
0557,石居蟹,Dwebble,
0558,岩殿居蟹,Crustle,
0559,滑滑小子,Scraggy,滑頭小子
0560,頭巾混混,Scrafty,头巾混混
0561,象徵鳥,Sigilyph,象征鸟
0562,哭哭面具,Yamask,
0563,死神棺,Cofagrigus,迭失棺
0564,原蓋海龜,Tirtouga,原盖海龟
0565,肋骨海龜,Carracosta,肋骨海龟
0566,始祖小鳥,Archen,始祖小鸟
0567,始祖大鳥,Archeops,始祖大鸟
0568,破破袋,Trubbish,
0569,灰塵山,Garbodor,灰尘山
0570,索羅亞,Zorua,索罗亚
0571,索羅亞克,Zoroark,索罗亚克
0572,泡沫栗鼠,Minccino,
0573,奇諾栗鼠,Cinccino,奇诺栗鼠
0574,哥德寶寶,Gothita,哥德宝宝
0575,哥德小童,Gothorita,
0576,哥德小姐,Gothitelle,
0577,單卵細胞球,Solosis,单卵细胞球
0578,雙卵細胞球,Duosion,双卵细胞球
0579,人造細胞卵,Reuniclus,人造细胞卵
0580,鴨寶寶,Ducklett,鸭宝宝
0581,舞天鵝,Swanna,舞天鹅|首席天鵝|首席天鹅
0582,迷你冰,Vanillite,
0583,多多冰,Vanillish,
0584,雙倍多多冰,Vanilluxe,双倍多多冰
0585,四季鹿,Deerling,
0586,萌芽鹿,Sawsbuck,芽吹鹿
0587,電飛鼠,Emolga,电飞鼠|導電飛鼠
0588,蓋蓋蟲,Karrablast,盖盖虫
0589,騎士蝸牛,Escavalier,骑士蜗牛
0590,哎呀球菇,Foongus,寶貝球菇|精靈球菇
0591,敗露球菇,Amoonguss,败露球菇|暴露菇
0592,輕飄飄,Frillish,轻飘飘
0593,胖嘟嘟,Jellicent,
0594,保母曼波,Alomomola,保姆曼波
0595,電電蟲,Joltik,电电虫
0596,電蜘蛛,Galvantula,电蜘蛛
0597,種子鐵球,Ferroseed,种子铁球
0598,堅果啞鈴,Ferrothorn,坚果哑铃
0599,齒輪兒,Klink,齿轮儿
0600,齒輪組,Klang,齿轮组
0601,齒輪怪,Klinklang,齿轮怪
0602,麻麻小魚,Tynamo,麻麻小鱼
0603,麻麻鰻,Eelektrik,麻麻鳗
0604,麻麻鰻魚王,Eelektross,麻麻鳗鱼王
0605,小灰怪,Elgyem,
0606,大宇怪,Beheeyem,
0607,燭光靈,Litwick,烛光灵
0608,燈火幽靈,Lampent,灯火幽灵
0609,水晶燈火靈,Chandelure,水晶灯火灵
0610,牙牙,Axew,
0611,斧牙龍,Fraxure,斧牙龙
0612,雙斧戰龍,Haxorus,双斧战龙
0613,噴嚏熊,Cubchoo,喷嚏熊
0614,凍原熊,Beartic,冻原熊
0615,幾何雪花,Cryogonal,几何雪花
0616,小嘴蝸,Shelmet,小嘴蜗
0617,敏捷蟲,Accelgor,敏捷虫
0618,泥巴魚,Stunfisk,泥巴鱼
0619,功夫鼬,Mienfoo,
0620,師父鼬,Mienshao,师父鼬
0621,赤面龍,Druddigon,赤面龙
0622,泥偶小人,Golett,
0623,泥偶巨人,Golurk,
0624,駒刀小兵,Pawniard,驹刀小兵
0625,劈斬司令,Bisharp,劈斩司令
0626,爆炸頭水牛,Bouffalant,爆炸头水牛|爆爆頭水牛
0627,毛頭小鷹,Rufflet,毛头小鹰
0628,勇士雄鷹,Braviary,勇士雄鹰|勇士鷹
0629,禿鷹丫頭,Vullaby,秃鹰丫头|禿鷹小子
0630,禿鷹娜,Mandibuzz,秃鹰娜
0631,熔蟻獸,Heatmor,熔蚁兽|食蟻爐
0632,鐵蟻,Durant,铁蚁
0633,單首龍,Deino,单首龙
0634,雙首暴龍,Zweilous,双首暴龙|雙頭龍
0635,三首惡龍,Hydreigon,三首恶龙|三頭龍
0636,燃燒蟲,Larvesta,燃烧虫
0637,火神蛾,Volcarona,火神蟲
0638,勾帕路翁,Cobalion,
0639,代拉基翁,Terrakion,
0640,畢力吉翁,Virizion,毕力吉翁
0641,龍捲雲,Tornadus,龙卷云
0642,雷電雲,Thundurus,雷电云
0643,萊希拉姆,Reshiram,莱希拉姆|雷希拉姆
0644,捷克羅姆,Zekrom,捷克罗姆
0645,土地雲,Landorus,土地云
0646,酋雷姆,Kyurem,
0647,凱路迪歐,Keldeo,凯路迪欧
0648,美洛耶塔,Meloetta,
0649,蓋諾賽克特,Genesect,盖诺赛克特
0650,哈力栗,Chespin,哈力馬龍
0651,胖胖哈力,Quilladin,肥仔哈力
0652,布里卡隆,Chesnaught,
0653,火狐狸,Fennekin,
0654,長尾火狐,Braixen,长尾火狐
0655,妖火紅狐,Delphox,妖火红狐
0656,呱呱泡蛙,Froakie,
0657,呱頭蛙,Frogadier,呱头蛙
0658,甲賀忍蛙,Greninja,甲贺忍蛙
0659,掘掘兔,Bunnelby,
0660,掘地兔,Diggersby,攉土兔|攉地兔
0661,小箭雀,Fletchling,
0662,火箭雀,Fletchinder,
0663,烈箭鷹,Talonflame,烈箭鹰|烈箭鶲|烈箭鹟
0664,粉蝶蟲,Scatterbug,粉蝶虫|粉蛹
0665,粉蝶蛹,Spewpa,
0666,彩粉蝶,Vivillon,碧粉蝶
0667,小獅獅,Litleo,小狮狮
0668,火炎獅,Pyroar,火炎狮
0669,花蓓蓓,Flabébé,
0670,花葉蒂,Floette,花叶蒂
0671,花潔夫人,Florges,花洁夫人
0672,坐騎小羊,Skiddo,坐骑小羊|咩咩羊
0673,坐騎山羊,Gogoat,坐骑山羊|指路羊
0674,頑皮熊貓,Pancham,顽皮熊猫
0675,流氓熊貓,Pangoro,流氓熊猫|霸道熊猫
0676,多麗米亞,Furfrou,多丽米亚
0677,妙喵,Espurr,
0678,超能妙喵,Meowstic,
0679,獨劍鞘,Honedge,独剑鞘
0680,雙劍鞘,Doublade,双剑鞘
0681,堅盾劍怪,Aegislash,坚盾剑怪
0682,粉香香,Spritzee,
0683,芳香精,Aromatisse,
0684,綿綿泡芙,Swirlix,绵绵泡芙
0685,胖甜妮,Slurpuff,
0686,好啦魷,Inkay,好啦鱿|豪喇花枝|毫喇魷
0687,烏賊王,Malamar,乌贼王
0688,龜腳腳,Binacle,龟脚脚
0689,龜足巨鎧,Barbaracle,龟足巨铠
0690,垃垃藻,Skrelp,
0691,毒藻龍,Dragalge,毒藻龙|毒拉蜜妮
0692,鐵臂槍蝦,Clauncher,铁臂枪虾
0693,鋼炮臂蝦,Clawitzer,钢炮臂虾|鋼砲臂蝦
0694,傘電蜥,Helioptile,伞电蜥|發電蜥
0695,光電傘蜥,Heliolisk,光电伞蜥|電傘查特
0696,寶寶暴龍,Tyrunt,宝宝暴龙|暴龍仔
0697,怪顎龍,Tyrantrum,怪颚龙
0698,冰雪龍,Amaura,冰雪龙
0699,冰雪巨龍,Aurorus,冰雪巨龙
0700,仙子伊布,Sylveon,仙子精靈|仙子伊貝
0701,摔角鷹人,Hawlucha,摔角鹰人|戰鬥飛鳥|战斗飞鸟
0702,咚咚鼠,Dedenne,
0703,小碎鑽,Carbink,小碎钻
0704,黏黏寶,Goomy,黏黏宝
0705,黏美兒,Sliggoo,黏美儿|黏美伊兒
0706,黏美龍,Goodra,黏美龙|黏美露龍
0707,鑰圈兒,Klefki,钥圈儿|鎖圈兒
0708,小木靈,Phantump,小木灵
0709,朽木妖,Trevenant,
0710,南瓜精,Pumpkaboo,
0711,南瓜怪人,Gourgeist,
0712,冰寶,Bergmite,冰宝
0713,冰岩怪,Avalugg,
0714,嗡蝠,Noibat,
0715,音波龍,Noivern,音波龙|音波飛龍
0716,哲爾尼亞斯,Xerneas,哲尔尼亚斯
0717,伊裴爾塔爾,Yveltal,伊裴尔塔尔|伊秘魯塔路
0718,基格爾德,Zygarde,基格尔德
0719,蒂安希,Diancie,
0720,胡帕,Hoopa,
0721,波爾凱尼恩,Volcanion,波尔凯尼恩
0722,木木梟,Rowlet,木木枭
0723,投羽梟,Dartrix,投羽枭
0724,狙射樹梟,Decidueye,狙射树枭
0725,火斑喵,Litten,
0726,炎熱喵,Torracat,炎热喵
0727,熾焰咆哮虎,Incineroar,炽焰咆哮虎
0728,球球海獅,Popplio,球球海狮
0729,花漾海獅,Brionne,花漾海狮
0730,西獅海壬,Primarina,西狮海壬
0731,小篤兒,Pikipek,小笃儿
0732,喇叭啄鳥,Trumbeak,喇叭啄鸟
0733,銃嘴大鳥,Toucannon,铳嘴大鸟
0734,貓鼬少,Yungoos,猫鼬少
0735,貓鼬探長,Gumshoos,猫鼬探长
0736,強顎雞母蟲,Grubbin,强颚鸡母虫
0737,蟲電寶,Charjabug,虫电宝
0738,鍬農炮蟲,Vikavolt,锹农炮虫
0739,好勝蟹,Crabrawler,好胜蟹
0740,好勝毛蟹,Crabominable,好胜毛蟹
0741,花舞鳥,Oricorio,花舞鸟
0742,萌虻,Cutiefly,
0743,蝶結萌虻,Ribombee,蝶结萌虻
0744,岩狗狗,Rockruff,
0745,鬃岩狼人,Lycanroc,
0746,弱丁魚,Wishiwashi,弱丁鱼
0747,好壞星,Mareanie,好坏星
0748,超壞星,Toxapex,超坏星
0749,泥驢仔,Mudbray,泥驴仔
0750,重泥挽馬,Mudsdale,重泥挽马
0751,滴蛛,Dewpider,
0752,滴蛛霸,Araquanid,
0753,偽螳草,Fomantis,伪螳草
0754,蘭螳花,Lurantis,兰螳花
0755,睡睡菇,Morelull,
0756,燈罩夜菇,Shiinotic,灯罩夜菇
0757,夜盜火蜥,Salandit,夜盗火蜥
0758,焰后蜥,Salazzle,
0759,童偶熊,Stufful,
0760,穿著熊,Bewear,穿着熊
0761,甜竹竹,Bounsweet,
0762,甜舞妮,Steenee,
0763,甜冷美后,Tsareena,
0764,花療環環,Comfey,花疗环环
0765,智揮猩,Oranguru,智挥猩
0766,投擲猴,Passimian,投掷猴
0767,膽小蟲,Wimpod,胆小虫
0768,具甲武者,Golisopod,
0769,沙丘娃,Sandygast,
0770,噬沙堡爺,Palossand,噬沙堡爷
0771,拳海參,Pyukumuku,拳海参
0772,屬性：空,Type: Null,属性：空
0773,銀伴戰獸,Silvally,银伴战兽
0774,小隕星,Minior,小陨星
0775,樹枕尾熊,Komala,树枕尾熊
0776,爆焰龜獸,Turtonator,爆焰龟兽
0777,托戈德瑪爾,Togedemaru,托戈德玛尔
0778,謎擬Ｑ,Mimikyu,谜拟Ｑ|谜拟丘
0779,磨牙彩皮魚,Bruxish,磨牙彩皮鱼
0780,老翁龍,Drampa,老翁龙
0781,破破舵輪,Dhelmise,破破舵轮
0782,心鱗寶,Jangmo-o,心鳞宝
0783,鱗甲龍,Hakamo-o,鳞甲龙
0784,杖尾鱗甲龍,Kommo-o,杖尾鳞甲龙
0785,卡璞・鳴鳴,Tapu Koko,卡璞・鸣鸣
0786,卡璞・蝶蝶,Tapu Lele,
0787,卡璞・哞哞,Tapu Bulu,
0788,卡璞・鰭鰭,Tapu Fini,卡璞・鳍鳍
0789,科斯莫古,Cosmog,
0790,科斯莫姆,Cosmoem,
0791,索爾迦雷歐,Solgaleo,索尔迦雷欧
0792,露奈雅拉,Lunala,
0793,虛吾伊德,Nihilego,虚吾伊德
0794,爆肌蚊,Buzzwole,
0795,費洛美螂,Pheromosa,费洛美螂
0796,電束木,Xurkitree,电束木
0797,鐵火輝夜,Celesteela,铁火辉夜
0798,紙御劍,Kartana,纸御剑
0799,惡食大王,Guzzlord,恶食大王
0800,奈克洛茲瑪,Necrozma,奈克洛兹玛
0801,瑪機雅娜,Magearna,玛机雅娜
0802,瑪夏多,Marshadow,玛夏多
0803,毒貝比,Poipole,毒贝比
0804,四顎針龍,Naganadel,四颚针龙
0805,壘磊石,Stakataka,垒磊石
0806,砰頭小丑,Blacephalon,砰头小丑
0807,捷拉奧拉,Zeraora,捷拉奥拉
0808,美錄坦,Meltan,美录坦
0809,美錄梅塔,Melmetal,美录梅塔
0810,敲音猴,Grookey,
0811,啪咚猴,Thwackey,
0812,轟擂金剛猩,Rillaboom,轰擂金刚猩
0813,炎兔兒,Scorbunny,炎兔儿
0814,騰蹴小將,Raboot,腾蹴小将
0815,閃焰王牌,Cinderace,闪焰王牌
0816,淚眼蜥,Sobble,泪眼蜥
0817,變澀蜥,Drizzile,变涩蜥
0818,千面避役,Inteleon,
0819,貪心栗鼠,Skwovet,贪心栗鼠
0820,藏飽栗鼠,Greedent,藏饱栗鼠
0821,稚山雀,Rookidee,
0822,藍鴉,Corvisquire,蓝鸦
0823,鋼鎧鴉,Corviknight,钢铠鸦
0824,索偵蟲,Blipbug,索侦虫
0825,天罩蟲,Dottler,天罩虫
0826,以歐路普,Orbeetle,以欧路普
0827,偷兒狐,Nickit,偷儿狐|狡小狐
0828,狐大盜,Thievul,狐大盗|猾大狐
0829,幼棉棉,Gossifleur,
0830,白蓬蓬,Eldegoss,
0831,毛辮羊,Wooloo,毛辫羊
0832,毛毛角羊,Dubwool,
0833,咬咬龜,Chewtle,咬咬龟
0834,暴噬龜,Drednaw,暴噬龟
0835,來電汪,Yamper,来电汪
0836,逐電犬,Boltund,逐电犬
0837,小炭仔,Rolycoly,
0838,大炭車,Carkol,大炭车
0839,巨炭山,Coalossal,
0840,啃果蟲,Applin,啃果虫
0841,蘋裹龍,Flapple,苹裹龙
0842,豐蜜龍,Appletun,丰蜜龙
0843,沙包蛇,Silicobra,
0844,沙螺蟒,Sandaconda,
0845,古月鳥,Cramorant,古月鸟
0846,刺梭魚,Arrokuda,刺梭鱼
0847,戽斗尖梭,Barraskewda,
0848,毒電嬰,Toxel,毒电婴|电音婴
0849,顫弦蠑螈,Toxtricity,颤弦蝾螈
0850,燒火蚣,Sizzlipede,烧火蚣
0851,焚焰蚣,Centiskorch,
0852,拳拳蛸,Clobbopus,
0853,八爪武師,Grapploct,八爪武师
0854,來悲茶,Sinistea,来悲茶
0855,怖思壺,Polteageist,怖思壶
0856,迷布莉姆,Hatenna,
0857,提布莉姆,Hattrem,
0858,布莉姆溫,Hatterene,布莉姆温
0859,搗蛋小妖,Impidimp,捣蛋小妖
0860,詐唬魔,Morgrem,诈唬魔
0861,長毛巨魔,Grimmsnarl,长毛巨魔
0862,堵攔熊,Obstagoon,堵拦熊
0863,喵頭目,Perrserker,喵头目
0864,魔靈珊瑚,Cursola,魔灵珊瑚
0865,蔥遊兵,Sirfetch'd,葱游兵
0866,踏冰人偶,Mr. Rime,
0867,死神板,Runerigus,迭失板
0868,小仙奶,Milcery,
0869,霜奶仙,Alcremie,
0870,列陣兵,Falinks,列阵兵
0871,啪嚓海膽,Pincurchin,啪嚓海胆
0872,雪吞蟲,Snom,雪吞虫
0873,雪絨蛾,Frosmoth,雪绒蛾
0874,巨石丁,Stonjourner,
0875,冰砌鵝,Eiscue,冰砌鹅
0876,愛管侍,Indeedee,爱管侍
0877,莫魯貝可,Morpeko,莫鲁贝可
0878,銅象,Cufant,铜象
0879,大王銅象,Copperajah,大王铜象
0880,雷鳥龍,Dracozolt,雷鸟龙
0881,雷鳥海獸,Arctozolt,雷鸟海兽
0882,鰓魚龍,Dracovish,鳃鱼龙
0883,鰓魚海獸,Arctovish,鳃鱼海兽
0884,鋁鋼龍,Duraludon,铝钢龙
0885,多龍梅西亞,Dreepy,多龙梅西亚
0886,多龍奇,Drakloak,多龙奇
0887,多龍巴魯托,Dragapult,多龙巴鲁托
0888,蒼響,Zacian,苍响
0889,藏瑪然特,Zamazenta,藏玛然特
0890,無極汰那,Eternatus,无极汰那
0891,熊徒弟,Kubfu,
0892,武道熊師,Urshifu,武道熊师
0893,薩戮德,Zarude,萨戮德
0894,雷吉艾勒奇,Regieleki,
0895,雷吉鐸拉戈,Regidrago,雷吉铎拉戈
0896,雪暴馬,Glastrier,雪暴马
0897,靈幽馬,Spectrier,灵幽马
0898,蕾冠王,Calyrex,
0899,詭角鹿,Wyrdeer,诡角鹿
0900,劈斧螳螂,Kleavor,
0901,月月熊,Ursaluna,
0902,幽尾玄魚,Basculegion,幽尾玄鱼
0903,大狃拉,Sneasler,
0904,萬針魚,Overqwil,万针鱼
0905,眷戀雲,Enamorus,眷恋云
0906,新葉喵,Sprigatito,新叶喵
0907,蒂蕾喵,Floragato,
0908,魔幻假面喵,Meowscarada,
0909,呆火鱷,Fuecoco,呆火鳄
0910,炙燙鱷,Crocalor,炙烫鳄
0911,骨紋巨聲鱷,Skeledirge,骨纹巨声鳄
0912,潤水鴨,Quaxly,润水鸭
0913,湧躍鴨,Quaxwell,涌跃鸭
0914,狂歡浪舞鴨,Quaquaval,狂欢浪舞鸭
0915,愛吃豚,Lechonk,爱吃豚
0916,飄香豚,Oinkologne,飘香豚
0917,團珠蛛,Tarountula,团珠蛛
0918,操陷蛛,Spidops,
0919,豆蟋蟀,Nymble,
0920,烈腿蝗,Lokix,
0921,布撥,Pawmi,布拨
0922,布土撥,Pawmo,布土拨
0923,巴布土撥,Pawmot,巴布土拨
0924,一對鼠,Tandemaus,一对鼠
0925,一家鼠,Maushold,
0926,狗仔包,Fidough,
0927,麻花犬,Dachsbun,
0928,迷你芙,Smoliv,
0929,奧利紐,Dolliv,奥利纽
0930,奧利瓦,Arboliva,奥利瓦
0931,怒鸚哥,Squawkabilly,怒鹦哥
0932,鹽石寶,Nacli,盐石宝
0933,鹽石壘,Naclstack,盐石垒
0934,鹽石巨靈,Garganacl,盐石巨灵
0935,炭小侍,Charcadet,
0936,紅蓮鎧騎,Armarouge,红莲铠骑
0937,蒼炎刃鬼,Ceruledge,苍炎刃鬼
0938,光蚪仔,Tadbulb,
0939,電肚蛙,Bellibolt,电肚蛙
0940,電海燕,Wattrel,电海燕
0941,大電海燕,Kilowattrel,大电海燕
0942,偶叫獒,Maschiff,
0943,獒教父,Mabosstiff,
0944,滋汁鼴,Shroodle,滋汁鼹
0945,塗標客,Grafaiai,涂标客
0946,納噬草,Bramblin,纳噬草
0947,怖納噬草,Brambleghast,怖纳噬草
0948,原野水母,Toedscool,
0949,陸地水母,Toedscruel,陆地水母
0950,毛崖蟹,Klawf,
0951,熱辣娃,Capsakid,热辣娃
0952,狠辣椒,Scovillain,
0953,蟲滾泥,Rellor,虫滚泥
0954,蟲甲聖,Rabsca,虫甲圣
0955,飄飄雛,Flittle,飘飘雏
0956,超能豔鴕,Espathra,超能艳鸵
0957,小鍛匠,Tinkatink,小锻匠
0958,巧鍛匠,Tinkatuff,巧锻匠
0959,巨鍛匠,Tinkaton,巨锻匠
0960,海地鼠,Wiglett,
0961,三海地鼠,Wugtrio,
0962,下石鳥,Bombirdier,下石鸟
0963,波普海豚,Finizen,
0964,海豚俠,Palafin,海豚侠
0965,噗隆隆,Varoom,
0966,普隆隆姆,Revavroom,
0967,摩托蜥,Cyclizar,
0968,拖拖蚓,Orthworm,
0969,晶光芽,Glimmet,
0970,晶光花,Glimmora,
0971,墓仔狗,Greavard,
0972,墓揚犬,Houndstone,墓扬犬
0973,纏紅鶴,Flamigo,缠红鹤
0974,走鯨,Cetoddle,走鲸
0975,浩大鯨,Cetitan,浩大鲸
0976,輕身鱈,Veluza,轻身鳕
0977,吃吼霸,Dondozo,
0978,米立龍,Tatsugiri,米立龙
0979,棄世猴,Annihilape,弃世猴
0980,土王,Clodsire,
0981,奇麒麟,Farigiraf,
0982,土龍節節,Dudunsparce,土龙节节
0983,仆斬將軍,Kingambit,仆刀将军
0984,雄偉牙,Great Tusk,雄伟牙
0985,吼叫尾,Scream Tail,
0986,猛惡菇,Brute Bonnet,猛恶菇
0987,振翼髮,Flutter Mane,振翼发
0988,爬地翅,Slither Wing,
0989,沙鐵皮,Sandy Shocks,沙铁皮
0990,鐵轍跡,Iron Treads,铁辙迹
0991,鐵包袱,Iron Bundle,铁包袱
0992,鐵臂膀,Iron Hands,铁臂膀
0993,鐵脖頸,Iron Jugulis,铁脖颈
0994,鐵毒蛾,Iron Moth,铁毒蛾
0995,鐵荊棘,Iron Thorns,铁荆棘
0996,涼脊龍,Frigibax,凉脊龙
0997,凍脊龍,Arctibax,冻脊龙
0998,戟脊龍,Baxcalibur,戟脊龙
0999,索財靈,Gimmighoul,索财灵
1000,賽富豪,Gholdengo,赛富豪
1001,古簡蝸,Wo-Chien,古简蜗
1002,古劍豹,Chien-Pao,古剑豹
1003,古鼎鹿,Ting-Lu,
1004,古玉魚,Chi-Yu,古玉鱼
1005,轟鳴月,Roaring Moon,轰鸣月
1006,鐵武者,Iron Valiant,铁武者
1007,故勒頓,Koraidon,故勒顿
1008,密勒頓,Miraidon,密勒顿
1009,波盪水,Walking Wake,波荡水
1010,鐵斑葉,Iron Leaves,铁斑叶
1011,裹蜜蟲,Dipplin,裹蜜虫
1012,斯魔茶,Poltchageist,
1013,來悲粗茶,Sinistcha,来悲粗茶
1014,夠讚狗,Okidogi,够赞狗
1015,願增猿,Munkidori,愿增猿
1016,吉雉雞,Fezandipiti,吉雉鸡
1017,厄鬼椪,Ogerpon,厄诡椪
1018,鋁鋼橋龍,Archaludon,铝钢桥龙
1019,蜜集大蛇,Hydrapple,
1020,破空焰,Gouging Fire,
1021,猛雷鼓,Raging Bolt,
1022,鐵磐岩,Iron Boulder,铁磐岩
1023,鐵頭殼,Iron Crown,铁头壳
1024,太樂巴戈斯,Terapagos,太乐巴戈斯
1025,桃歹郎,Pecharunt,
